Hayball Elle;3877 Brickson Park Terrace;064563703-3;N;S;S;S;S;N;N;S
Alishoner Pincas;62 Pankratz Court;880221413-1;N;S;S;N;S;S;N;N
Cohalan Sephira;934 International Street;551814502-0;S;S;S;S;S;S;N;S
Harrison Nathanial;97 Longview Place;032204022-1;N;S;N;S;S;N;N;N
Voce Griffith;035 Shopko Park;217443798-8;S;N;N;S;N;N;N;N
Shearsby Pren;1046 Bunting Avenue;858700126-4;S;N;N;S;N;S;N;N
Cramp Sollie;045 Pennsylvania Center;650550380-3;N;S;S;S;N;S;S;N
Eickhoff Danyelle;7542 Grayhawk Hill;291444335-8;N;N;S;N;N;N;S;S
O'Kinneally Hal;3 Cascade Lane;771769055-1;N;N;S;N;N;N;S;N
Wagstaffe Ennis;885 Waywood Point;424237974-9;S;S;N;S;S;S;N;N
Winfred Fremont;369 Harper Court;977757999-3;S;N;S;N;S;S;S;N
Klousner Darnell;34 Waxwing Alley;749521303-5;S;N;S;S;S;N;S;N
Coste Christy;40983 Fisk Crossing;017502570-3;N;N;N;N;N;N;S;S
Livens Quinta;11645 Derek Parkway;273713985-6;N;S;S;N;N;N;N;S
Balke Cirillo;534 Fair Oaks Hill;446498609-9;N;S;S;S;S;S;N;N
Lymer Zachariah;88 Meadow Ridge Crossing;857008918-X;S;S;N;N;N;N;S;N
Airdrie Rebeca;2638 Talmadge Alley;870680150-1;S;S;S;N;S;N;S;S
Le Friec Adrianna;546 Gale Alley;145949237-4;S;S;S;N;N;S;S;S
Tenbrug Moe;8 Farmco Lane;867203518-6;S;S;N;S;N;N;N;N
Walls Esra;415 Eagan Alley;197675547-6;S;S;N;N;S;N;N;N
